frame,left_ankle_x,left_ankle_y,right_ankle_x,right_ankle_y,left_hip_x,left_hip_y,right_hip_x,right_hip_y,left_knee_x,left_knee_y,right_knee_x,right_knee_y
0,0.21931637823581696,0.6215948462486267,0.5101470351219177,0.725184440612793,0.45142897963523865,0.2704537510871887,0.4373343288898468,0.2703666090965271,0.3576834797859192,0.4598749279975891,0.5377307534217834,0.45628565549850464
1,0.49399492144584656,0.748559832572937,0.23597349226474762,0.5743337273597717,0.46702104806900024,0.2831905484199524,0.4342899024486542,0.2693995237350464,0.5205720663070679,0.48302024602890015,0.39345496892929077,0.4911678731441498
3,0.32220834493637085,0.5301011204719543,0.41281822323799133,0.7782362699508667,0.43735525012016296,0.3168518543243408,0.4528844654560089,0.29509684443473816,0.4751501977443695,0.4984357953071594,0.48293906450271606,0.5460178256034851
4,0.36107638478279114,0.5525566339492798,0.3725227117538452,0.7782253623008728,0.4375495910644531,0.32321423292160034,0.4516991674900055,0.3266620934009552,0.47995907068252563,0.5298042893409729,0.48284560441970825,0.5475971698760986
5,0.41739290952682495,0.5697241425514221,0.3231891989707947,0.7672287821769714,0.46002641320228577,0.33453696966171265,0.4416235089302063,0.3331793546676636,0.5464451909065247,0.5051689147949219,0.4228115677833557,0.5549881458282471
6,0.45609623193740845,0.6170334815979004,0.2736729681491852,0.7543309926986694,0.47939836978912354,0.332274854183197,0.4346739947795868,0.3293616473674774,0.5695836544036865,0.4679250419139862,0.37981778383255005,0.5534707307815552
7,0.5008136630058289,0.670741617679596,0.25476977229118347,0.7172096371650696,0.4894312024116516,0.3252876400947571,0.43779686093330383,0.3266441226005554,0.5766153931617737,0.46141037344932556,0.3658132553100586,0.52466881275177
8,0.5371142029762268,0.7088542580604553,0.24951858818531036,0.6467923521995544,0.4832441508769989,0.3137260377407074,0.46740642189979553,0.32185083627700806,0.5719683766365051,0.468581885099411,0.38388141989707947,0.5153355002403259
9,0.552409827709198,0.748748242855072,0.25598350167274475,0.5773080587387085,0.4947979152202606,0.3106690049171448,0.4786751866340637,0.31552210450172424,0.5622947812080383,0.48548832535743713,0.40596210956573486,0.5200221538543701
10,0.5300829410552979,0.7751734256744385,0.28381094336509705,0.5278701782226562,0.5095675587654114,0.36678463220596313,0.48884329199790955,0.3543507754802704,0.5540788173675537,0.5217647552490234,0.44740474224090576,0.5397589802742004
11,0.49513205885887146,0.7710039615631104,0.34831130504608154,0.5062686204910278,0.505114734172821,0.35612788796424866,0.48778119683265686,0.3418264389038086,0.5475638508796692,0.5449666380882263,0.5081567168235779,0.5512290000915527
12,0.452175498008728,0.7699068784713745,0.4036417305469513,0.5230326056480408,0.5017848610877991,0.35055819153785706,0.49416854977607727,0.33628523349761963,0.5275387167930603,0.5687562227249146,0.5471152663230896,0.5509353280067444
13,0.4116576313972473,0.7435400485992432,0.46200716495513916,0.56353759765625,0.5043470859527588,0.38091522455215454,0.5050269961357117,0.36068427562713623,0.47548121213912964,0.5758841633796692,0.5932719111442566,0.4979613125324249
14,0.5061547756195068,0.6219857931137085,0.4359494745731354,0.6989676356315613,0.5388523936271667,0.3423277735710144,0.4959102272987366,0.3582044243812561,0.6255708932876587,0.4721792936325073,0.46234026551246643,0.5239502787590027
15,0.5589221715927124,0.6513618230819702,0.36506563425064087,0.6784671545028687,0.5521480441093445,0.31387782096862793,0.49657878279685974,0.33342599868774414,0.6458560228347778,0.4441188871860504,0.4307531416416168,0.5119934678077698
16,0.4116274416446686,0.6778265237808228,0.5065415501594543,0.6762319803237915,0.5381109118461609,0.3109453320503235,0.5221366286277771,0.3065226376056671,0.4567984938621521,0.46971577405929565,0.6247952580451965,0.4607224464416504
17,0.3329176604747772,0.588987410068512,0.6249780654907227,0.7398684024810791,0.5312150716781616,0.3049534559249878,0.5468563437461853,0.3028676211833954,0.46469518542289734,0.4849945604801178,0.6299185156822205,0.4747636020183563
19,0.42820435762405396,0.5148553252220154,0.5605016350746155,0.7794460654258728,0.5544593334197998,0.311267226934433,0.5429471731185913,0.3075409531593323,0.5678302049636841,0.49975788593292236,0.5969619750976562,0.5319735407829285
20,0.4588010907173157,0.5160952806472778,0.5143287181854248,0.7764965891838074,0.5481874346733093,0.318057119846344,0.5430278778076172,0.3223917782306671,0.5889731049537659,0.5061032772064209,0.5826298594474792,0.5502803325653076
21,0.5185469388961792,0.5511379241943359,0.46119073033332825,0.7596514821052551,0.5517475008964539,0.32031527161598206,0.5421810150146484,0.32340288162231445,0.6392764449119568,0.4900931417942047,0.5474923849105835,0.5474462509155273
22,0.5423619747161865,0.5834764838218689,0.41011565923690796,0.7341064214706421,0.5644651055335999,0.3171441853046417,0.542322039604187,0.3225930333137512,0.6586683392524719,0.45254796743392944,0.5076316595077515,0.5465365648269653
23,0.5961122512817383,0.6303008198738098,0.3883052170276642,0.6955040097236633,0.5801246762275696,0.3126750588417053,0.543100118637085,0.32145214080810547,0.6672219634056091,0.4397553503513336,0.48358452320098877,0.5219233632087708
24,0.4941054880619049,0.6994966864585876,0.539601743221283,0.6553009152412415,0.5749687552452087,0.3078361749649048,0.5630724430084229,0.3116322159767151,0.5604646801948547,0.5091080069541931,0.5873613357543945,0.4612591862678528
25,0.6408988237380981,0.7315346002578735,0.367367684841156,0.5883433818817139,0.577238142490387,0.327970027923584,0.5613939762115479,0.3230957090854645,0.6329661011695862,0.504818320274353,0.5146911144256592,0.49604204297065735
26,0.6371666789054871,0.7636502385139465,0.3780997097492218,0.5358653664588928,0.5773757100105286,0.3470277190208435,0.5596975684165955,0.3373655080795288,0.6283897757530212,0.5194289088249207,0.5242782235145569,0.5277926921844482
27,0.6044155359268188,0.7807458639144897,0.41442033648490906,0.5064226984977722,0.5751921534538269,0.37037035822868347,0.5582268834114075,0.3639531433582306,0.6241267919540405,0.5478236079216003,0.5524330735206604,0.5586650967597961
28,0.5921519994735718,0.8014945983886719,0.45355987548828125,0.527240514755249,0.5626692175865173,0.3664821982383728,0.554730236530304,0.3639369308948517,0.5918411612510681,0.5697585344314575,0.5902138352394104,0.5700982213020325
29,0.5015726685523987,0.7946546673774719,0.48258787393569946,0.5917198061943054,0.5484322905540466,0.3618769645690918,0.5545444488525391,0.3660774528980255,0.5838817954063416,0.5871828198432922,0.6143296957015991,0.5610690116882324
30,0.4296031594276428,0.7785495519638062,0.5161010026931763,0.6034322381019592,0.5334506630897522,0.35650402307510376,0.5534572005271912,0.35963529348373413,0.5060641169548035,0.5813621282577515,0.6434053182601929,0.5101965665817261
31,0.48227614164352417,0.7503640651702881,0.41608989238739014,0.740734338760376,0.5419765114784241,0.3536969721317291,0.5451326370239258,0.35541993379592896,0.5364933609962463,0.566216766834259,0.5875700116157532,0.5141096115112305
32,0.37473514676094055,0.740646243095398,0.5918943285942078,0.7368102073669434,0.5296273231506348,0.3527333736419678,0.5454385280609131,0.3543184697628021,0.4589792490005493,0.5591256022453308,0.6408805251121521,0.5086435675621033
33,0.4098982512950897,0.7408317923545837,0.6218318343162537,0.774194061756134,0.536946713924408,0.3587053418159485,0.537483811378479,0.3564370572566986,0.5017270445823669,0.5613524913787842,0.6262205243110657,0.5164139270782471
34,0.5143600702285767,0.7745013236999512,0.5754751563072205,0.7350528836250305,0.5385488271713257,0.3681122958660126,0.5368427038192749,0.36025041341781616,0.529154360294342,0.5877669453620911,0.5846553444862366,0.55242520570755
35,0.3853006660938263,0.5981756448745728,0.589787483215332,0.8337024450302124,0.5341359972953796,0.391221284866333,0.5290882587432861,0.38650789856910706,0.5205028057098389,0.6018915176391602,0.5870042443275452,0.6227204203605652
36,0.4145125150680542,0.5834170579910278,0.5508778095245361,0.8571645617485046,0.5174282789230347,0.4040401577949524,0.5140038132667542,0.40451931953430176,0.5324211716651917,0.6050859093666077,0.5595076680183411,0.6223548054695129
37,0.45732733607292175,0.8416286110877991,0.4505118429660797,0.6197190880775452,0.5012732744216919,0.41681715846061707,0.5025606751441956,0.4164285361766815,0.5336825251579285,0.6271485686302185,0.5587419271469116,0.6155261397361755
38,0.4644145369529724,0.6530621647834778,0.4204019010066986,0.826147198677063,0.4956420063972473,0.40640613436698914,0.4934562146663666,0.407675564289093,0.5815724730491638,0.572658360004425,0.49272581934928894,0.6199589371681213
39,0.49685388803482056,0.6706792116165161,0.36905696988105774,0.8199476599693298,0.5026552677154541,0.4131523668766022,0.48481813073158264,0.417437344789505,0.5994321703910828,0.5380451083183289,0.4410427510738373,0.6293104290962219
40,0.5424395203590393,0.7161514759063721,0.3305875062942505,0.8012159466743469,0.4996177554130554,0.4114305377006531,0.485037624835968,0.4178485572338104,0.6023984551429749,0.5320068597793579,0.40875574946403503,0.6216651797294617
41,0.5697662830352783,0.7663334012031555,0.30574533343315125,0.763094425201416,0.4970930814743042,0.4099225103855133,0.4828275144100189,0.416631281375885,0.592717707157135,0.540069580078125,0.41340023279190063,0.6147950291633606
42,0.5792897939682007,0.8061785101890564,0.29514533281326294,0.6825451254844666,0.49676936864852905,0.41635650396347046,0.47838786244392395,0.41573426127433777,0.5853386521339417,0.5713692307472229,0.4309651553630829,0.6221800446510315
43,0.5644720196723938,0.8440260887145996,0.314697802066803,0.6205087900161743,0.48750194907188416,0.42693859338760376,0.48131391406059265,0.4230775535106659,0.5595072507858276,0.6016578674316406,0.448312371969223,0.635975182056427
44,0.5375233292579651,0.8745176792144775,0.35007432103157043,0.6005715727806091,0.4811994731426239,0.4510961174964905,0.47586002945899963,0.4481145441532135,0.529704213142395,0.6461427807807922,0.47042956948280334,0.6586018204689026
45,0.46667686104774475,0.8876008987426758,0.39041659235954285,0.6069740056991577,0.47084563970565796,0.4621409475803375,0.47323793172836304,0.4691847264766693,0.5099402070045471,0.6706690192222595,0.5070277452468872,0.6735332012176514
46,0.40554922819137573,0.8910619616508484,0.42546823620796204,0.6387723088264465,0.4579556882381439,0.46814608573913574,0.4719075858592987,0.4719708263874054,0.46023496985435486,0.6804631948471069,0.5542956590652466,0.6559239625930786
47,0.3486088812351227,0.8708164691925049,0.45573171973228455,0.6846864223480225,0.46124523878097534,0.4642549157142639,0.47129201889038086,0.46237829327583313,0.42345550656318665,0.6831086874008179,0.5765045881271362,0.6115773320198059
48,0.321895569562912,0.8514998555183411,0.49891072511672974,0.7591796517372131,0.46970927715301514,0.4578794538974762,0.4696406424045563,0.45691758394241333,0.40305882692337036,0.6652326583862305,0.5844452381134033,0.5837456583976746
49,0.29983776807785034,0.8003504872322083,0.5414091944694519,0.8122648596763611,0.46684980392456055,0.45438817143440247,0.4717358946800232,0.4541037976741791,0.4061824083328247,0.656324028968811,0.5798816084861755,0.5914139151573181
50,0.292306512594223,0.7349860668182373,0.5608305335044861,0.8688269257545471,0.4701173007488251,0.461990624666214,0.4732394814491272,0.45932355523109436,0.420076459646225,0.665421724319458,0.5630819201469421,0.6143398284912109
51,0.3220667243003845,0.6682438254356384,0.5457027554512024,0.8989107012748718,0.47164836525917053,0.47188645601272583,0.473173588514328,0.4729122519493103,0.4424664080142975,0.6804107427597046,0.5607432723045349,0.652340292930603
52,0.41467592120170593,0.7709192633628845,0.42833074927330017,0.8788690567016602,0.4716166853904724,0.47756227850914,0.4612220227718353,0.4779885709285736,0.49166837334632874,0.6809914112091064,0.5173003673553467,0.6855663061141968
53,0.4061848521232605,0.6754460334777832,0.4376350939273834,0.9079458713531494,0.46766525506973267,0.4887852966785431,0.4509401321411133,0.48919010162353516,0.5207248330116272,0.6838158369064331,0.5060814619064331,0.6970869302749634
54,0.43598175048828125,0.6894775629043579,0.3863203227519989,0.9142236113548279,0.4666999280452728,0.4884832203388214,0.4492938220500946,0.4913158416748047,0.5568510293960571,0.6366767883300781,0.45725852251052856,0.709058403968811
55,0.47192320227622986,0.715238094329834,0.33488157391548157,0.893169641494751,0.4675925672054291,0.4868789613246918,0.4547467529773712,0.494589239358902,0.5732799172401428,0.5950465202331543,0.4103808104991913,0.7064533233642578
56,0.5208658576011658,0.7658634781837463,0.304602712392807,0.8658003211021423,0.4769080579280853,0.4838642179965973,0.45733314752578735,0.49187666177749634,0.5784669518470764,0.5933672189712524,0.3906322121620178,0.6928123235702515
57,0.5515701770782471,0.8223081231117249,0.2878960967063904,0.8095386624336243,0.47855618596076965,0.4833046793937683,0.45863276720046997,0.4907720983028412,0.5726999640464783,0.6063331365585327,0.39879927039146423,0.6893681287765503
58,0.5668922662734985,0.8705411553382874,0.28949058055877686,0.730324387550354,0.4783822298049927,0.4875200688838959,0.47002676129341125,0.4947991371154785,0.5585432052612305,0.6353825330734253,0.4183731973171234,0.6937550902366638
59,0.5561755299568176,0.897001326084137,0.31989529728889465,0.6798591613769531,0.4783031642436981,0.5035620331764221,0.4763627052307129,0.5054897665977478,0.5511066317558289,0.6727129817008972,0.4272623360157013,0.7129999995231628
60,0.5237907767295837,0.9232836961746216,0.3637034595012665,0.6601743698120117,0.4748475253582001,0.5162319540977478,0.4757018983364105,0.5194312930107117,0.5207353234291077,0.7032811641693115,0.4921482503414154,0.7198869585990906
61,0.46097370982170105,0.9400131702423096,0.40617936849594116,0.6767067909240723,0.4712834358215332,0.529984176158905,0.4746750295162201,0.5341376662254333,0.5045804381370544,0.7332753539085388,0.5281628966331482,0.723355770111084
62,0.41583573818206787,0.904259979724884,0.4464733302593231,0.7092413902282715,0.4664589762687683,0.5344122648239136,0.4741242825984955,0.533367395401001,0.461731880903244,0.7299783229827881,0.5632902979850769,0.6922119855880737
63,0.3527921438217163,0.9072009921073914,0.4832718074321747,0.7631683349609375,0.46700212359428406,0.5291421413421631,0.47619131207466125,0.5297113060951233,0.4204457104206085,0.7347044348716736,0.5839316248893738,0.650616466999054
64,0.32904112339019775,0.8795962929725647,0.5275801420211792,0.8285756707191467,0.4729905128479004,0.5241854786872864,0.4805060923099518,0.5248699188232422,0.4077395796775818,0.7187061309814453,0.5908433198928833,0.6383515000343323
65,0.3051232695579529,0.8227174282073975,0.5661685466766357,0.8862471580505371,0.47632747888565063,0.5244656801223755,0.4843950569629669,0.523800790309906,0.4170108437538147,0.7138245701789856,0.580450713634491,0.6508581638336182
66,0.31138405203819275,0.7426571846008301,0.5804758667945862,0.9284681677818298,0.48232734203338623,0.528014600276947,0.48591798543930054,0.5258933901786804,0.4330123960971832,0.7198534607887268,0.5635719299316406,0.6838758587837219
67,0.344119668006897,0.6998841166496277,0.5622864961624146,0.9535782337188721,0.48375752568244934,0.5347136855125427,0.4849483072757721,0.5336732864379883,0.44184574484825134,0.7363133430480957,0.5531396269798279,0.7293037176132202
68,0.4107024371623993,0.7492191195487976,0.504345715045929,0.8942642211914062,0.48435455560684204,0.546574592590332,0.48133739829063416,0.553800642490387,0.5057947635650635,0.7351073026657104,0.5263329744338989,0.7534242272377014
69,0.42736291885375977,0.7306352853775024,0.44470056891441345,0.8749656677246094,0.483632892370224,0.5654302835464478,0.47508901357650757,0.571000337600708,0.5415602922439575,0.7369902729988098,0.5190470218658447,0.7556760907173157
70,0.47192344069480896,0.7358436584472656,0.405014306306839,0.9436693787574768,0.4855603575706482,0.5650700330734253,0.47416749596595764,0.571379542350769,0.5750025510787964,0.6988739371299744,0.46584078669548035,0.7747077941894531
71,0.3695432245731354,0.9228307604789734,0.4873821437358856,0.8112054467201233,0.4847806990146637,0.5665887594223022,0.4859970808029175,0.575131893157959,0.4382878541946411,0.7516627311706543,0.5736116766929626,0.679330050945282
72,0.5384002327919006,0.8627992868423462,0.3384939730167389,0.8595693111419678,0.48762622475624084,0.5631570219993591,0.49010229110717773,0.5705462098121643,0.5856530666351318,0.6762830018997192,0.4306787848472595,0.7229893207550049
73,0.5762072205543518,0.88611900806427,0.31415605545043945,0.832557737827301,0.49012067914009094,0.5614632368087769,0.49453040957450867,0.5704887509346008,0.5868625044822693,0.6820990443229675,0.42659541964530945,0.7470468878746033
74,0.5910031199455261,0.9341701865196228,0.3250664174556732,0.7610876560211182,0.49328121542930603,0.5726661682128906,0.501430094242096,0.5790365934371948,0.5728228092193604,0.7146441340446472,0.442805677652359,0.7630242109298706
75,0.5773582458496094,0.9618154764175415,0.35202184319496155,0.7075791358947754,0.5011933445930481,0.5859214067459106,0.5027895569801331,0.5899046063423157,0.5610525608062744,0.7523673176765442,0.459793359041214,0.7791746258735657
76,0.5407666563987732,0.9397898316383362,0.3636119067668915,0.7052907943725586,0.5048611164093018,0.61361163854599,0.499014675617218,0.6204128265380859,0.5507084727287292,0.7716919779777527,0.4831886887550354,0.8019323348999023
77,0.4533129632472992,0.8652894496917725,0.429472416639328,0.7201917171478271,0.5036121010780334,0.6160202622413635,0.4972139596939087,0.6231895089149475,0.529103696346283,0.7907863855361938,0.5352453589439392,0.8062666654586792
78,0.4565157890319824,0.8364940285682678,0.4661741852760315,0.7232153415679932,0.5000836849212646,0.6092687845230103,0.496235191822052,0.611079216003418,0.541891872882843,0.7714581489562988,0.5741367340087891,0.7823576927185059
79,0.38483086228370667,0.9379605054855347,0.48949289321899414,0.8192548155784607,0.49834737181663513,0.6051051020622253,0.5023367404937744,0.6081591844558716,0.4487445056438446,0.7947922348976135,0.5934053659439087,0.7336447834968567
80,0.3661710023880005,0.9162858128547668,0.5369316339492798,0.8896778225898743,0.5041754245758057,0.6025307178497314,0.502743661403656,0.6070360541343689,0.4357914626598358,0.7800514101982117,0.5991167426109314,0.7191360592842102
81,0.34247976541519165,0.8628305792808533,0.5777593851089478,0.9351027607917786,0.5025559067726135,0.6000008583068848,0.503904402256012,0.6044527292251587,0.44127216935157776,0.773810863494873,0.588049054145813,0.7270274758338928
82,0.34648120403289795,0.7914928197860718,0.5945809483528137,0.9686124324798584,0.5051564574241638,0.600259006023407,0.5050436854362488,0.6044989228248596,0.4546254873275757,0.774645984172821,0.5729825496673584,0.7529309988021851
83,0.3683074712753296,0.7480811476707458,0.5763765573501587,0.9808010458946228,0.5068747997283936,0.6086037755012512,0.5046398043632507,0.614814043045044,0.4683361351490021,0.7868003845214844,0.5645898580551147,0.7824585437774658
84,0.43016189336776733,0.795849621295929,0.48751771450042725,0.8683215975761414,0.50638347864151,0.6206920146942139,0.5004929900169373,0.6325492858886719,0.5084988474845886,0.7910579442977905,0.5514772534370422,0.8030847907066345
85,0.4556547999382019,0.8068718314170837,0.4526485800743103,0.867599368095398,0.5014193058013916,0.6407074332237244,0.49093806743621826,0.6533781886100769,0.5468779802322388,0.7950797080993652,0.5440876483917236,0.8142289519309998
86,0.4661480188369751,0.822435736656189,0.45645561814308167,0.8694822192192078,0.48553234338760376,0.6416048407554626,0.4934013783931732,0.6500074863433838,0.5544735789299011,0.7709829807281494,0.5399098992347717,0.7728424072265625
87,0.4964781403541565,0.8242577314376831,0.3869204819202423,0.9474202394485474,0.48764973878860474,0.6346736550331116,0.4948402941226959,0.6442352533340454,0.5856794714927673,0.7223628163337708,0.45993727445602417,0.8077561855316162
88,0.5397853255271912,0.8571909070014954,0.36697208881378174,0.9212967753410339,0.4985617697238922,0.6311531066894531,0.5057572722434998,0.6396841406822205,0.5965682864189148,0.7163775563240051,0.4421793222427368,0.7987955808639526
89,0.5705040097236633,0.9037229418754578,0.3483637273311615,0.8854357004165649,0.5039719343185425,0.6335536241531372,0.5047808289527893,0.6432512402534485,0.5939380526542664,0.7272716760635376,0.4423033893108368,0.8012555837631226
90,0.5872498750686646,0.9484849572181702,0.3483574092388153,0.8123613595962524,0.5035388469696045,0.6447443962097168,0.5060813426971436,0.6519847512245178,0.5784130692481995,0.7594160437583923,0.45359447598457336,0.8176570534706116
91,0.3781834542751312,0.7759949564933777,0.565339207649231,0.9645699858665466,0.49406278133392334,0.6596735715866089,0.5088359117507935,0.6640733480453491,0.4771111309528351,0.8066001534461975,0.5499753355979919,0.810139000415802
92,0.5247021317481995,0.9389073252677917,0.4239020347595215,0.7743726968765259,0.4930466413497925,0.6799420118331909,0.5071384310722351,0.6850461363792419,0.5103245973587036,0.8218852281570435,0.5186067819595337,0.8403178453445435
93,0.46084147691726685,0.8122725486755371,0.43830230832099915,0.7814295887947083,0.49504461884498596,0.6870922446250916,0.5050270557403564,0.6986612677574158,0.5174458622932434,0.823961079120636,0.526975691318512,0.8637731075286865
94,0.4629369080066681,0.9071934223175049,0.46954452991485596,0.8149752020835876,0.4941728711128235,0.6829901337623596,0.5034599900245667,0.6913272142410278,0.5087122917175293,0.8183547854423523,0.5658655762672424,0.8508292436599731
95,0.40951618552207947,0.9576712250709534,0.48294728994369507,0.8390448093414307,0.5065023303031921,0.6810757517814636,0.5022221207618713,0.6825729012489319,0.5096131563186646,0.8447475433349609,0.5781452059745789,0.7728661298751831
96,0.38528719544410706,0.9339844584465027,0.5268933176994324,0.904246985912323,0.5066086053848267,0.6757113337516785,0.5056875944137573,0.6790826320648193,0.4505515694618225,0.8261294960975647,0.5920776128768921,0.762145459651947
97,0.36730095744132996,0.9067838191986084,0.5674427151679993,0.9418818950653076,0.5058990120887756,0.6710205674171448,0.5085564851760864,0.6773784756660461,0.4520721733570099,0.8206795454025269,0.586089551448822,0.7685728073120117
98,0.3722779154777527,0.835338830947876,0.5914652943611145,0.9750149250030518,0.5081638693809509,0.6692204475402832,0.5124441385269165,0.6761872172355652,0.4639534652233124,0.8166016340255737,0.5735116600990295,0.7817547917366028
99,0.38906705379486084,0.7914735674858093,0.5842769742012024,0.9899091720581055,0.5151864886283875,0.6679982542991638,0.5114168524742126,0.6749453544616699,0.47672614455223083,0.8174532055854797,0.5660205483436584,0.8050301671028137
100,0.4216228723526001,0.7739620208740234,0.55775386095047,0.9794919490814209,0.5187048316001892,0.6699800491333008,0.510996401309967,0.6754999160766602,0.505193293094635,0.8226566910743713,0.5642797350883484,0.8182089924812317
101,0.4671712815761566,0.7984946966171265,0.46765273809432983,0.872135579586029,0.5157020688056946,0.6704975366592407,0.5080495476722717,0.6786748170852661,0.5448389649391174,0.8201244473457336,0.5511900186538696,0.8345032930374146
102,0.4682539403438568,0.9028799533843994,0.47774234414100647,0.7972843647003174,0.5094987750053406,0.6787759065628052,0.509253978729248,0.6826955676078796,0.537484884262085,0.8297556638717651,0.5721355080604553,0.79062420129776
103,0.5125166177749634,0.8396629095077515,0.4263058006763458,0.9320996403694153,0.5145530104637146,0.6700730919837952,0.5114477276802063,0.6793550252914429,0.5910713076591492,0.7465242147445679,0.4864303767681122,0.8180273175239563
104,0.552119255065918,0.8465758562088013,0.4023762345314026,0.9282729029655457,0.5220221281051636,0.6526049375534058,0.5217276215553284,0.6621018052101135,0.6024243831634521,0.7235537767410278,0.46803733706474304,0.8059290647506714
105,0.5850003361701965,0.8822404146194458,0.380803644657135,0.8857331871986389,0.5303329825401306,0.6464276313781738,0.5241562724113464,0.6540482044219971,0.6041401028633118,0.7289229035377502,0.4667944312095642,0.7960669994354248
106,0.6077229976654053,0.9172348380088806,0.3857777714729309,0.8126257658004761,0.529761016368866,0.6458290219306946,0.5247372984886169,0.6536341309547424,0.5947811007499695,0.7484584450721741,0.4752897322177887,0.7971750497817993
107,0.6075713038444519,0.9399441480636597,0.40271079540252686,0.7703596353530884,0.5267724394798279,0.6478636860847473,0.5304744243621826,0.6548565626144409,0.5837686657905579,0.7741299867630005,0.48928242921829224,0.802905261516571
108,0.5860139727592468,0.9614720344543457,0.4150480329990387,0.7438172698020935,0.5267834663391113,0.6561863422393799,0.5363433957099915,0.6604074835777283,0.5751480460166931,0.796098530292511,0.5083830952644348,0.8083773851394653
109,0.5305256247520447,0.9252111911773682,0.46724164485931396,0.7565760016441345,0.5301217436790466,0.6740649342536926,0.5317233800888062,0.6811513304710388,0.560796856880188,0.8103847503662109,0.546301543712616,0.8265355825424194
110,0.49552303552627563,0.9575279951095581,0.4980355203151703,0.7744094729423523,0.5286588072776794,0.6715209484100342,0.5316890478134155,0.6784722208976746,0.5316802263259888,0.8143258690834045,0.5816057920455933,0.810899555683136
111,0.45775213837623596,0.9460426568984985,0.514274537563324,0.7915565371513367,0.528196394443512,0.6698499917984009,0.5312977433204651,0.673636794090271,0.5079718828201294,0.8132376074790955,0.6012834310531616,0.7620635032653809
112,0.5332327485084534,0.8599516749382019,0.448297381401062,0.897335410118103,0.5470720529556274,0.6586763262748718,0.5304285883903503,0.6652921438217163,0.6029762625694275,0.7467371821403503,0.49682947993278503,0.7770088315010071
113,0.42289239168167114,0.8698067665100098,0.578877866268158,0.8923797011375427,0.541119396686554,0.6492676138877869,0.5395270586013794,0.6560728549957275,0.492464154958725,0.7606415748596191,0.6065746545791626,0.7399541139602661
114,0.40210554003715515,0.858508288860321,0.6069549322128296,0.9505347609519958,0.5392113327980042,0.6661319136619568,0.5399825572967529,0.6679050326347351,0.48713889718055725,0.7967705726623535,0.6006289720535278,0.756524920463562
115,0.4163643419742584,0.7824622988700867,0.6226950287818909,0.9442168474197388,0.5394112467765808,0.6577926874160767,0.5423988103866577,0.6587483286857605,0.5017983317375183,0.7959752678871155,0.5937560796737671,0.7638311982154846
116,0.4361872375011444,0.7611108422279358,0.6065467000007629,0.9614110589027405,0.5416495203971863,0.6613859534263611,0.5415945053100586,0.6652189493179321,0.5130850672721863,0.797041118144989,0.586541473865509,0.7928268909454346
117,0.46867436170578003,0.7607685327529907,0.5744159817695618,0.9709110856056213,0.5402714014053345,0.6714928150177002,0.5401252508163452,0.6808689832687378,0.5396957397460938,0.7957181334495544,0.5778725147247314,0.8192689418792725
118,0.5112009644508362,0.8870620727539062,0.5055177807807922,0.8025027513504028,0.5390145182609558,0.684420645236969,0.536962628364563,0.6962209343910217,0.5666678547859192,0.8097182512283325,0.5744527578353882,0.8220661282539368
119,0.49844637513160706,0.9073721766471863,0.5160945057868958,0.8183137774467468,0.5246827602386475,0.6911587119102478,0.536734938621521,0.6966253519058228,0.5594953894615173,0.8218870759010315,0.5854154229164124,0.7959914803504944
120,0.5314534306526184,0.8493889570236206,0.4487699568271637,0.9409992694854736,0.52590012550354,0.6888877153396606,0.5333768129348755,0.6958649754524231,0.5986225605010986,0.7538039684295654,0.4990367889404297,0.8319250345230103
121,0.5600156784057617,0.8574101328849792,0.42372745275497437,0.9280382394790649,0.5340308547019958,0.6854842901229858,0.5279176235198975,0.6919876933097839,0.6060651540756226,0.7472535371780396,0.4769781827926636,0.8250625133514404
122,0.5811021327972412,0.9034045934677124,0.39369505643844604,0.9168599247932434,0.533967137336731,0.68588787317276,0.5208584070205688,0.6937282681465149,0.6009344458580017,0.7592977285385132,0.47109100222587585,0.8266519904136658
123,0.5893373489379883,0.9468771815299988,0.38635504245758057,0.8684930801391602,0.5235795378684998,0.6890735626220703,0.5149047374725342,0.6962078809738159,0.5870455503463745,0.7851182222366333,0.4701329171657562,0.8356539607048035
124,0.5819917917251587,0.9688647389411926,0.39184510707855225,0.8267319202423096,0.5088329315185547,0.6955564618110657,0.5134199857711792,0.6987351179122925,0.5677610039710999,0.8145511150360107,0.47749561071395874,0.8450585007667542
125,0.5610421895980835,0.9667111039161682,0.4067225158214569,0.8083414435386658,0.5056908130645752,0.716820240020752,0.504851758480072,0.7168368101119995,0.5390117764472961,0.840394914150238,0.48606806993484497,0.8659910559654236
126,0.4431418478488922,0.8086563348770142,0.4241620600223541,0.810242772102356,0.48876264691352844,0.7199971079826355,0.48916947841644287,0.7287657856941223,0.5085553526878357,0.8506226539611816,0.4957032799720764,0.8805928826332092
127,0.4432421326637268,0.8554223775863647,0.43985092639923096,0.8202697038650513,0.47052907943725586,0.7160647511482239,0.4750281870365143,0.7225821614265442,0.4886488914489746,0.8381158709526062,0.5176819562911987,0.875423789024353
128,0.44198617339134216,0.8595095276832581,0.4461895823478699,0.8396084308624268,0.46353474259376526,0.7093524932861328,0.4612926244735718,0.7133283019065857,0.49398401379585266,0.8307170867919922,0.5292534232139587,0.8128074407577515
129,0.36246007680892944,0.9400931000709534,0.47030308842658997,0.8835098743438721,0.45784634351730347,0.7068470120429993,0.4604373872280121,0.7094202041625977,0.40914878249168396,0.8350228667259216,0.5353200435638428,0.7821149826049805
130,0.332427978515625,0.9232602715492249,0.4957067370414734,0.9174600839614868,0.45451411604881287,0.6970250606536865,0.4540007412433624,0.6990601420402527,0.3969646394252777,0.8320890665054321,0.5309205055236816,0.7747256755828857
131,0.31651341915130615,0.8731098175048828,0.5127583146095276,0.9525184035301208,0.4468616843223572,0.6914923191070557,0.45151302218437195,0.6939077377319336,0.39896246790885925,0.8297624588012695,0.5223329663276672,0.7913347482681274
132,0.3253634572029114,0.8132814168930054,0.5108848214149475,0.9678019285202026,0.4458528161048889,0.6902099847793579,0.4467794597148895,0.6932454705238342,0.408741295337677,0.8271908760070801,0.5019639134407043,0.794963538646698
133,0.3440852463245392,0.7816718220710754,0.4951770007610321,0.9827839136123657,0.44503024220466614,0.6860949397087097,0.43972349166870117,0.691013514995575,0.4207190275192261,0.8253359794616699,0.4847685396671295,0.8189919590950012
134,0.3755142390727997,0.8221378326416016,0.43669334053993225,0.9465703368186951,0.4387718439102173,0.686583399772644,0.4324749708175659,0.6940795183181763,0.438625305891037,0.8228682279586792,0.4586828947067261,0.839698076248169
135,0.3847756087779999,0.8921070098876953,0.39601296186447144,0.7987583875656128,0.42168909311294556,0.687157928943634,0.4273836314678192,0.694377601146698,0.4362090229988098,0.8249105215072632,0.4718489944934845,0.8370676636695862
136,0.38854897022247314,0.854211688041687,0.3605184555053711,0.9238752126693726,0.4192676246166229,0.6804245710372925,0.42010074853897095,0.6860021352767944,0.4831290543079376,0.7681258320808411,0.4355849325656891,0.8341636657714844
137,0.319149911403656,0.9340887665748596,0.40943148732185364,0.8351468443870544,0.4118392765522003,0.6719547510147095,0.4198914170265198,0.6764074563980103,0.369422048330307,0.7854323387145996,0.4741411507129669,0.7411314845085144
138,0.45114976167678833,0.8880406618118286,0.2943291664123535,0.8502596616744995,0.42308589816093445,0.6585069298744202,0.4161955416202545,0.6653701066970825,0.4892069101333618,0.7299363613128662,0.3569594919681549,0.7731733918190002
139,0.47573477029800415,0.8842498064041138,0.2688886821269989,0.8343788981437683,0.42474251985549927,0.6438681483268738,0.41389691829681396,0.6495604515075684,0.4915561378002167,0.730245053768158,0.3561689555644989,0.7761134505271912
140,0.35424014925956726,0.8618341684341431,0.43994995951652527,0.8516061902046204,0.41581547260284424,0.6430065035820007,0.4207807183265686,0.6477143168449402,0.4071873724460602,0.7348376512527466,0.4643333852291107,0.7521912455558777
141,0.4715077579021454,0.9203174114227295,0.3015887439250946,0.7246302962303162,0.4150307774543762,0.6404529809951782,0.4185386598110199,0.6456215977668762,0.45773112773895264,0.7578392028808594,0.3826688826084137,0.7546021938323975
142,0.4503687620162964,0.9341320991516113,0.3209703862667084,0.7007353901863098,0.4161030352115631,0.6436874866485596,0.41309866309165955,0.6482003927230835,0.45710811018943787,0.7652332186698914,0.3886820673942566,0.7660209536552429
143,0.40878719091415405,0.9321188926696777,0.3429335057735443,0.7062911987304688,0.40789392590522766,0.6326078176498413,0.40205174684524536,0.6353514194488525,0.43013203144073486,0.769433856010437,0.41057470440864563,0.7737225294113159
144,0.3519757091999054,0.9224714636802673,0.3488142788410187,0.7201606035232544,0.3991505801677704,0.6264913082122803,0.3995837867259979,0.623875617980957,0.390537828207016,0.771921694278717,0.4468805193901062,0.7536935806274414
145,0.30831560492515564,0.9110748767852783,0.37021276354789734,0.750927209854126,0.4008394777774811,0.6167120337486267,0.4008707106113434,0.6149492859840393,0.36668556928634644,0.7636533975601196,0.46743306517601013,0.7047013640403748
146,0.29050713777542114,0.8555899262428284,0.4114544689655304,0.7632445096969604,0.40474608540534973,0.5886085033416748,0.40619775652885437,0.592560887336731,0.3496309816837311,0.7351681590080261,0.4816828668117523,0.6779235005378723
147,0.33165037631988525,0.8343943953514099,0.40247824788093567,0.8107919692993164,0.4125887155532837,0.5866348147392273,0.4042261242866516,0.5900919437408447,0.3852942883968353,0.7332442402839661,0.4537777900695801,0.6990302801132202
148,0.26972696185112,0.7424116730690002,0.4738282561302185,0.852142333984375,0.41173264384269714,0.582375168800354,0.4058893620967865,0.5833868980407715,0.3605775535106659,0.720502495765686,0.47411686182022095,0.6898239850997925
149,0.2777636647224426,0.6929094195365906,0.4815034568309784,0.8776364922523499,0.41209733486175537,0.5855785012245178,0.4067808985710144,0.5857330560684204,0.36903372406959534,0.7226948738098145,0.46537595987319946,0.7058495879173279
150,0.2993620038032532,0.6721915006637573,0.46205300092697144,0.8905045390129089,0.41609156131744385,0.5888098478317261,0.4076986312866211,0.586600124835968,0.37942349910736084,0.726176917552948,0.46262094378471375,0.7135626077651978
151,0.42059290409088135,0.8773741126060486,0.36362382769584656,0.7054445743560791,0.4160624146461487,0.593281626701355,0.4061524271965027,0.5931188464164734,0.4242551624774933,0.7314270734786987,0.43935272097587585,0.7241988182067871
152,0.3756529688835144,0.8482196927070618,0.3675212264060974,0.7313323616981506,0.407236784696579,0.5953977108001709,0.39994195103645325,0.5963009595870972,0.4379734992980957,0.732046365737915,0.4409751296043396,0.7401673197746277
153,0.34666600823402405,0.8888864517211914,0.3753198981285095,0.754038393497467,0.39885884523391724,0.595441997051239,0.40076982975006104,0.5979270339012146,0.3941706120967865,0.7394264936447144,0.4632319211959839,0.7027712464332581
154,0.3008827567100525,0.870639979839325,0.3950592279434204,0.7524563074111938,0.3956746757030487,0.5818279981613159,0.40723520517349243,0.5876690745353699,0.35560962557792664,0.7354998588562012,0.47909727692604065,0.6650478839874268
155,0.43585172295570374,0.7939488887786865,0.283468097448349,0.805509090423584,0.4154506325721741,0.5668918490409851,0.40685728192329407,0.573003351688385,0.48374927043914795,0.6546063423156738,0.3452076315879822,0.686980128288269
156,0.4664689302444458,0.8042518496513367,0.2571823000907898,0.782586395740509,0.4166208803653717,0.5609322786331177,0.4069484770298004,0.5672633051872253,0.48758944869041443,0.6538693904876709,0.34503450989723206,0.6928702592849731
157,0.48389095067977905,0.8274072408676147,0.2586384415626526,0.711952269077301,0.4160662591457367,0.5561387538909912,0.4082675278186798,0.560951292514801,0.4747913181781769,0.6711850762367249,0.3519439995288849,0.6968781352043152
158,0.4809926152229309,0.8469399213790894,0.27189064025878906,0.653277575969696,0.4154894948005676,0.556438684463501,0.41075408458709717,0.5595731735229492,0.46400973200798035,0.6848154664039612,0.36413103342056274,0.6975003480911255
159,0.4609204828739166,0.8720965385437012,0.30187827348709106,0.6289604902267456,0.4155401587486267,0.5601561665534973,0.41464969515800476,0.5600301623344421,0.4558388292789459,0.6887295842170715,0.3811798691749573,0.6994667053222656
160,0.44147539138793945,0.8865125179290771,0.34441202878952026,0.6417466998100281,0.4154808819293976,0.561149001121521,0.41444507241249084,0.5628007054328918,0.44056907296180725,0.7135294675827026,0.42043930292129517,0.716439962387085
161,0.3829153776168823,0.8906647562980652,0.3699573874473572,0.6580730676651001,0.41364720463752747,0.5728303790092468,0.41566383838653564,0.5683631896972656,0.42665305733680725,0.7299222946166992,0.4524446129798889,0.7171217799186707
162,0.33584487438201904,0.8817653656005859,0.39042842388153076,0.6796160936355591,0.413003534078598,0.5726922750473022,0.41636693477630615,0.5695734024047852,0.3831983208656311,0.738109290599823,0.48354920744895935,0.6836596727371216
163,0.30957815051078796,0.852121114730835,0.4158771336078644,0.7176056504249573,0.4164895713329315,0.5582556128501892,0.42284855246543884,0.5596560835838318,0.36720266938209534,0.7169404029846191,0.4983068108558655,0.6503323316574097
164,0.29204100370407104,0.798233151435852,0.4507719874382019,0.7744613885879517,0.4246886074542999,0.548035204410553,0.4294503629207611,0.5503453612327576,0.36330339312553406,0.6947146058082581,0.5085783004760742,0.6390079855918884
165,0.27503493428230286,0.7425562739372253,0.4848804473876953,0.8173910975456238,0.4271031320095062,0.5440882444381714,0.4340263605117798,0.546804666519165,0.36886104941368103,0.6861209869384766,0.5056635737419128,0.6451889872550964
166,0.2824092209339142,0.6863168478012085,0.5050111413002014,0.8500327467918396,0.4308362603187561,0.5462667942047119,0.43600258231163025,0.548616886138916,0.37799641489982605,0.6849838495254517,0.4950445294380188,0.6519690155982971
167,0.30180591344833374,0.6495077013969421,0.5040642023086548,0.875707745552063,0.4422760605812073,0.5487939715385437,0.4375970959663391,0.5512983798980713,0.38319888710975647,0.688590943813324,0.4875340163707733,0.6856445670127869
168,0.3303053677082062,0.6451600790023804,0.48081615567207336,0.8966479897499084,0.4422215223312378,0.5611205697059631,0.44019821286201477,0.5657021403312683,0.41323497891426086,0.6966632604598999,0.48137491941452026,0.7175953984260559
169,0.38238710165023804,0.6825667023658752,0.4544984698295593,0.896186888217926,0.43992263078689575,0.5692411065101624,0.4372340440750122,0.5733010768890381,0.4524684548377991,0.7204606533050537,0.4647907018661499,0.7345408797264099
170,0.39566197991371155,0.8130062818527222,0.3995993435382843,0.7536683082580566,0.4375196099281311,0.5785031318664551,0.43563371896743774,0.5791539549827576,0.4787367582321167,0.7203468084335327,0.46599674224853516,0.7375537157058716
171,0.3947204351425171,0.8722439408302307,0.4142817258834839,0.7380711436271667,0.43600860238075256,0.5762708783149719,0.44427549839019775,0.5768409967422485,0.4339776337146759,0.7330803275108337,0.501736044883728,0.6816404461860657
172,0.3760075867176056,0.8300156593322754,0.4474252164363861,0.7511311769485474,0.4401777684688568,0.5619350075721741,0.45009028911590576,0.5686488747596741,0.4389561116695404,0.7279060482978821,0.5162327885627747,0.6480129957199097
173,0.4856586158275604,0.813503086566925,0.30921342968940735,0.7629254460334778,0.45346319675445557,0.5499593019485474,0.45229393243789673,0.5570790767669678,0.5270399451255798,0.6536683440208435,0.3916870951652527,0.6603285670280457
174,0.5142229795455933,0.8237515091896057,0.2940887212753296,0.7342633605003357,0.45704635977745056,0.5420237183570862,0.4546894133090973,0.5488428473472595,0.5255073308944702,0.653070330619812,0.39130327105522156,0.6618595719337463
175,0.5283010601997375,0.8506976962089539,0.30435439944267273,0.6826639771461487,0.4541131854057312,0.5452330708503723,0.4607287049293518,0.5507934093475342,0.5134418606758118,0.6576067805290222,0.4052465260028839,0.6896124482154846
176,0.46169281005859375,0.8281198143959045,0.34361928701400757,0.6897010803222656,0.45281127095222473,0.5477356910705566,0.46580058336257935,0.5538904070854187,0.4904942512512207,0.7077746987342834,0.4520711600780487,0.7221004366874695
177,0.4866153299808502,0.8953940272331238,0.35451558232307434,0.6977051496505737,0.4522458612918854,0.5661449432373047,0.46513068675994873,0.5736972093582153,0.48461663722991943,0.7207356095314026,0.46643760800361633,0.7279770374298096
178,0.48369815945625305,0.907463550567627,0.3944416046142578,0.6756319403648376,0.45293161273002625,0.5814733505249023,0.4616513252258301,0.5852129459381104,0.48440855741500854,0.7376925945281982,0.47990530729293823,0.7408872842788696
179,0.40336915850639343,0.9073971509933472,0.41879013180732727,0.6997519731521606,0.4518069922924042,0.5880193114280701,0.46015727519989014,0.5872595310211182,0.44843530654907227,0.7538659572601318,0.5153974294662476,0.7321320176124573
180,0.3530348241329193,0.8845665454864502,0.44002866744995117,0.7196996212005615,0.4528527557849884,0.5822529196739197,0.4591762125492096,0.5854901671409607,0.4179812967777252,0.7414244413375854,0.5333420634269714,0.6819448471069336
181,0.3327237069606781,0.8502627611160278,0.4763283133506775,0.7760955691337585,0.46470126509666443,0.5704509019851685,0.46288973093032837,0.5746562480926514,0.40044745802879333,0.7242197394371033,0.5456884503364563,0.657159686088562
182,0.31795769929885864,0.7967607378959656,0.5069376826286316,0.8216114640235901,0.4693271219730377,0.565540075302124,0.4642105996608734,0.5714685320854187,0.3994724452495575,0.7111324071884155,0.5458210110664368,0.6572420001029968
183,0.31063681840896606,0.7361320853233337,0.534470796585083,0.8623784184455872,0.4658510088920593,0.5654616951942444,0.4675213396549225,0.5684176683425903,0.41004881262779236,0.7092516422271729,0.5355047583580017,0.6647648215293884
184,0.3237724006175995,0.6884127855300903,0.5380980968475342,0.8911044001579285,0.4691084325313568,0.5680800080299377,0.467257022857666,0.5686608552932739,0.4194073975086212,0.7128275036811829,0.5241495370864868,0.6978613138198853
185,0.34434592723846436,0.6656014323234558,0.5178144574165344,0.9132431149482727,0.47226423025131226,0.5681112408638,0.46668657660484314,0.5699564814567566,0.4334472119808197,0.7164221405982971,0.5214218497276306,0.7247533202171326
186,0.3956347107887268,0.6743304133415222,0.4951939880847931,0.9225322008132935,0.46935710310935974,0.5734714269638062,0.4657583236694336,0.5764963626861572,0.4782370328903198,0.7186617851257324,0.49785903096199036,0.7424274682998657
187,0.41581469774246216,0.7615832090377808,0.4255012273788452,0.8218238353729248,0.4677482843399048,0.5807082653045654,0.46138665080070496,0.5827165842056274,0.5015820264816284,0.7257955074310303,0.4975772500038147,0.7661322355270386
188,0.4231850802898407,0.7661460041999817,0.38296759128570557,0.8747771382331848,0.46274882555007935,0.5729022026062012,0.45952364802360535,0.5786566734313965,0.5307661890983582,0.6819940805435181,0.46606123447418213,0.744827926158905
189,0.3551880121231079,0.8436447978019714,0.45272096991539,0.7531114220619202,0.4619559645652771,0.5535648465156555,0.4652422070503235,0.5603415369987488,0.4199961721897125,0.6912582516670227,0.5312818884849548,0.6472941040992737
190,0.5014808177947998,0.8326848745346069,0.3330153226852417,0.784453272819519,0.4748234152793884,0.5366823673248291,0.46716636419296265,0.543908953666687,0.5482427477836609,0.635246992111206,0.406083881855011,0.6706894636154175
191,0.5325549244880676,0.8144126534461975,0.3134526312351227,0.74880450963974,0.47646814584732056,0.5337190628051758,0.47154930233955383,0.53917396068573,0.5494135618209839,0.6379859447479248,0.41010263562202454,0.6701869368553162
192,0.5506399273872375,0.8345942497253418,0.3192429840564728,0.6899320483207703,0.4780627191066742,0.5358364582061768,0.47353050112724304,0.5397564768791199,0.5396826267242432,0.6562368273735046,0.4184258282184601,0.6773927807807922
193,0.5443580150604248,0.8582888841629028,0.3384343385696411,0.6538761258125305,0.47619855403900146,0.5394561290740967,0.4789067506790161,0.5422588586807251,0.5270363688468933,0.6769270896911621,0.43397149443626404,0.6871703267097473
194,0.5229855179786682,0.8851253390312195,0.3599146604537964,0.6416535973548889,0.47677233815193176,0.5476157069206238,0.4838140904903412,0.5521109700202942,0.5180502533912659,0.6996660232543945,0.4553884267807007,0.6972939372062683
195,0.50556480884552,0.8876839280128479,0.40732672810554504,0.6435659527778625,0.47939908504486084,0.5553149580955505,0.4813862144947052,0.5571308135986328,0.5055208206176758,0.7150654792785645,0.4916244149208069,0.7116186022758484
196,0.4346751570701599,0.8822417855262756,0.4399327039718628,0.6653571128845215,0.47922852635383606,0.5627637505531311,0.48152145743370056,0.5619146227836609,0.47767049074172974,0.7225367426872253,0.5319534540176392,0.7111021280288696
197,0.3897877335548401,0.8686163425445557,0.4599614441394806,0.6833094954490662,0.4784257709980011,0.5599945783615112,0.48527923226356506,0.5593965649604797,0.4495266377925873,0.716036856174469,0.5559475421905518,0.6646091938018799
198,0.36981651186943054,0.8425823450088501,0.48935145139694214,0.728096604347229,0.48601314425468445,0.5460395812988281,0.49178922176361084,0.5475054979324341,0.4340071976184845,0.7027687430381775,0.5700255036354065,0.6378593444824219
199,0.37264448404312134,0.8227728009223938,0.5257058143615723,0.7899144291877747,0.4982128441333771,0.5424237847328186,0.49376779794692993,0.5435189008712769,0.432424932718277,0.6876783967018127,0.5741209387779236,0.6335896849632263
200,0.3446137309074402,0.7431457042694092,0.5593389868736267,0.8278628587722778,0.49596068263053894,0.5425360202789307,0.5008895993232727,0.5436664819717407,0.4400606155395508,0.6871083974838257,0.572226881980896,0.6475167274475098
201,0.35536444187164307,0.698915421962738,0.5740377306938171,0.8686575889587402,0.5018967986106873,0.5481646656990051,0.5045397281646729,0.5442934036254883,0.4503788650035858,0.6912158727645874,0.5599583983421326,0.6725612282752991
202,0.378229022026062,0.6626366972923279,0.5603688955307007,0.89187091588974,0.5096299648284912,0.5502834916114807,0.5048075914382935,0.5492450594902039,0.46436816453933716,0.698060929775238,0.5522528886795044,0.6950165629386902
203,0.4666844308376312,0.8025783896446228,0.4543994963169098,0.687251091003418,0.5082200169563293,0.5585996508598328,0.5014339685440063,0.5591697692871094,0.5060999393463135,0.7169701457023621,0.540906548500061,0.7142482995986938
204,0.480765163898468,0.8862233757972717,0.45467421412467957,0.6678104996681213,0.5036993026733398,0.5591975450515747,0.49952298402786255,0.560532808303833,0.5228509306907654,0.7169647812843323,0.5364161729812622,0.7157167196273804
205,0.4481334686279297,0.8750147223472595,0.4587772488594055,0.7117506265640259,0.4959951937198639,0.5596466064453125,0.4984692931175232,0.561541736125946,0.5187432169914246,0.7248510718345642,0.5576962232589722,0.6825292110443115
206,0.4888559579849243,0.7630183696746826,0.39952585101127625,0.8423682451248169,0.497002512216568,0.5479892492294312,0.5053640007972717,0.5562118887901306,0.5760827660560608,0.6372452974319458,0.4593510329723358,0.6969391703605652
207,0.5274150371551514,0.7584832906723022,0.38560131192207336,0.8169986009597778,0.5076420307159424,0.538271427154541,0.5094615817070007,0.5456544756889343,0.5881375074386597,0.6297950744628906,0.4541030526161194,0.6802090406417847
208,0.5681384205818176,0.7923448085784912,0.3563445508480072,0.7920603156089783,0.5169239640235901,0.5365804433822632,0.5117541551589966,0.5412330031394958,0.5975303649902344,0.6346778273582458,0.44628435373306274,0.6804379224777222
209,0.5929282307624817,0.8358913064002991,0.3567661643028259,0.7166975736618042,0.5181550979614258,0.5372812151908875,0.5131645798683167,0.5416526198387146,0.5891250967979431,0.6495732665061951,0.45695939660072327,0.6889464259147644
210,0.5973707437515259,0.8696195483207703,0.37155070900917053,0.6643869876861572,0.5197630524635315,0.5447334051132202,0.5216864943504333,0.5428987741470337,0.5777671933174133,0.6812154054641724,0.47020360827445984,0.7003605961799622
211,0.5781527161598206,0.8965639472007751,0.3912043273448944,0.6416728496551514,0.5199947357177734,0.5554789900779724,0.5299930572509766,0.5538091659545898,0.5679197907447815,0.7052278518676758,0.48490601778030396,0.7069644927978516
212,0.5494961142539978,0.924239993095398,0.4413321912288666,0.6532968282699585,0.5218322277069092,0.5704211592674255,0.5246173739433289,0.5719799995422363,0.5671738982200623,0.7291775941848755,0.5288270711898804,0.7292799353599548
213,0.49715882539749146,0.9239780306816101,0.46881917119026184,0.6698158979415894,0.5192007422447205,0.5754519104957581,0.5243937373161316,0.5756744146347046,0.5414037704467773,0.7444944977760315,0.5562886595726013,0.7344552874565125
214,0.44670528173446655,0.919922947883606,0.49267593026161194,0.69671630859375,0.5178022384643555,0.5782356858253479,0.5239335298538208,0.5764129757881165,0.5025156736373901,0.7527580857276917,0.5882843732833862,0.7309320569038391
215,0.4097433388233185,0.8971770405769348,0.5111677646636963,0.7535784244537354,0.5214959979057312,0.5754222869873047,0.5290654301643372,0.5749931335449219,0.47387415170669556,0.7380577921867371,0.6103429794311523,0.6911986470222473
216,0.3887525200843811,0.8527793884277344,0.547499418258667,0.8114761114120483,0.5264947414398193,0.5685619115829468,0.5374816656112671,0.5743021368980408,0.4627418518066406,0.7331781387329102,0.622450053691864,0.6683706045150757
217,0.37303873896598816,0.7921022772789001,0.5900265574455261,0.8561411499977112,0.5284839272499084,0.5613839626312256,0.5414023995399475,0.5666090250015259,0.46941426396369934,0.7245018482208252,0.6199104189872742,0.6717368960380554
218,0.375785231590271,0.7344469428062439,0.6151292324066162,0.9102794528007507,0.5322989225387573,0.5611522197723389,0.5453923344612122,0.5658171772956848,0.4820346534252167,0.7222948670387268,0.6075027585029602,0.6978256106376648
219,0.39229729771614075,0.693451464176178,0.6069256663322449,0.9356467127799988,0.5414242148399353,0.561281144618988,0.5407058596611023,0.5651515126228333,0.49042174220085144,0.7270684242248535,0.5968911647796631,0.7251529097557068
220,0.3978729844093323,0.6755479574203491,0.5769433379173279,0.9454859495162964,0.5404866933822632,0.5653740763664246,0.5382362604141235,0.5664555430412292,0.523415744304657,0.7322025895118713,0.5881451964378357,0.7424321174621582
221,0.48399224877357483,0.8121439218521118,0.5059987306594849,0.8831048607826233,0.537980318069458,0.5664459466934204,0.5345796346664429,0.5691235661506653,0.5518022775650024,0.7358513474464417,0.5726898312568665,0.7515321969985962
222,0.4849141240119934,0.8018290400505066,0.4719516932964325,0.9350271224975586,0.5290070176124573,0.5748163461685181,0.5300670266151428,0.5780223608016968,0.5970595479011536,0.7299693822860718,0.5413954854011536,0.7576139569282532
223,0.5249935388565063,0.7611662745475769,0.4248063266277313,0.9241895079612732,0.5284803509712219,0.5736135840415955,0.5307014584541321,0.5757842063903809,0.6213940382003784,0.6735005974769592,0.490927517414093,0.7703034281730652
224,0.40791216492652893,0.8689173460006714,0.5526569485664368,0.816142737865448,0.5296139121055603,0.5611869692802429,0.5455292463302612,0.5692197680473328,0.4776620864868164,0.7160648703575134,0.6291223168373108,0.6685636043548584
225,0.5915696024894714,0.8563424944877625,0.37694376707077026,0.8292959928512573,0.5488317608833313,0.5501969456672668,0.5453631281852722,0.5565568208694458,0.6331360340118408,0.6716979146003723,0.47654595971107483,0.6913591623306274
226,0.629113495349884,0.8900832533836365,0.3622815012931824,0.7760345339775085,0.5536499619483948,0.5439751148223877,0.546403169631958,0.551568329334259,0.6353442072868347,0.6806683540344238,0.48031607270240784,0.705817699432373
227,0.6355660557746887,0.9287447333335876,0.3779524564743042,0.7181245684623718,0.5485196709632874,0.5462631583213806,0.5547563433647156,0.5528300404548645,0.6193426847457886,0.7070285081863403,0.4961710274219513,0.7353131771087646
228,0.6187912225723267,0.9532943367958069,0.4037860929965973,0.6890813708305359,0.5518741011619568,0.5487730503082275,0.5537048578262329,0.5534859895706177,0.6067153215408325,0.7355433702468872,0.512008786201477,0.7489660382270813
229,0.45923689007759094,0.6928393244743347,0.47487691044807434,0.741439700126648,0.5513641834259033,0.5670092701911926,0.5513193011283875,0.5672833919525146,0.5641306638717651,0.7544942498207092,0.5597851276397705,0.7749473452568054
230,0.4939166307449341,0.8647799491882324,0.4843944311141968,0.7088197469711304,0.5505674481391907,0.5734885931015015,0.5502493381500244,0.5781152248382568,0.5661218762397766,0.778969407081604,0.5902498960494995,0.777243435382843
231,0.49575427174568176,0.8617115020751953,0.5196259021759033,0.7367441058158875,0.5485677123069763,0.5730034112930298,0.5498469471931458,0.5692225694656372,0.5414157509803772,0.7650995254516602,0.6366387009620667,0.7353410720825195
232,0.423770934343338,0.9233999848365784,0.5431030988693237,0.7789119482040405,0.5476887226104736,0.5439885854721069,0.5547544360160828,0.5413532853126526,0.49693959951400757,0.7555579543113708,0.6580701470375061,0.677294909954071
233,0.4007970094680786,0.8990419507026672,0.5863931775093079,0.8446095585823059,0.5538659691810608,0.5205698013305664,0.5615907907485962,0.5235867500305176,0.48350396752357483,0.7292985320091248,0.6685686111450195,0.6588250994682312
234,0.36927133798599243,0.8280624747276306,0.6343467235565186,0.8892815113067627,0.5546413064002991,0.5066154599189758,0.5662246942520142,0.5094369649887085,0.48163357377052307,0.7076001763343811,0.664260983467102,0.6588524580001831
235,0.36087462306022644,0.7438182234764099,0.6641678214073181,0.930768609046936,0.5565510392189026,0.5011720657348633,0.5686249136924744,0.5001653432846069,0.4908580183982849,0.7009204626083374,0.645779013633728,0.6758066415786743
236,0.3826778531074524,0.6670278310775757,0.6591944098472595,0.942982017993927,0.5650791525840759,0.4976046085357666,0.568369448184967,0.49564266204833984,0.5058675408363342,0.7017127871513367,0.6329615116119385,0.6819670796394348
237,0.41038277745246887,0.6433925032615662,0.6251301169395447,0.9562014937400818,0.5658519268035889,0.49289470911026,0.5684606432914734,0.49712932109832764,0.5262954235076904,0.7024707198143005,0.6281070113182068,0.7002633213996887
238,0.4723958969116211,0.6469436287879944,0.6118596792221069,0.9689406752586365,0.5643413066864014,0.4967791438102722,0.5625511407852173,0.5040571689605713,0.5897966623306274,0.7047956585884094,0.6080434918403625,0.7347554564476013
239,0.4938802123069763,0.6863913536071777,0.5032901763916016,0.8562346696853638,0.5628129243850708,0.5019497275352478,0.5514134764671326,0.5078147649765015,0.6239566802978516,0.7005543112754822,0.5868456363677979,0.7302119135856628
240,0.5202518701553345,0.6891586780548096,0.4464881718158722,0.9046409130096436,0.5595414042472839,0.4834517240524292,0.5506117343902588,0.4875645339488983,0.6598184704780579,0.627763032913208,0.5513049960136414,0.7284133434295654
241,0.4130374491214752,0.858009397983551,0.546691358089447,0.7408664226531982,0.5591598153114319,0.46623626351356506,0.5639269948005676,0.46847090125083923,0.4977587163448334,0.6575837731361389,0.6562597751617432,0.5983121395111084
242,0.609885036945343,0.8174198269844055,0.378010630607605,0.7950529456138611,0.5858339667320251,0.44380930066108704,0.5632941722869873,0.44638508558273315,0.685474693775177,0.581985354423523,0.47832292318344116,0.6355982422828674
243,0.6556976437568665,0.8273611068725586,0.3477068245410919,0.7195217609405518,0.5836524963378906,0.42508575320243835,0.5655820369720459,0.4252454936504364,0.6859847903251648,0.5851313471794128,0.4833926558494568,0.6279417276382446
244,0.6777297854423523,0.8727071285247803,0.34844276309013367,0.6289986371994019,0.5873090028762817,0.4235075116157532,0.5648231506347656,0.41970589756965637,0.6682783961296082,0.6131730675697327,0.4906858801841736,0.6367926001548767
245,0.6727911829948425,0.9063050746917725,0.3740403950214386,0.5655050277709961,0.5854578018188477,0.42718005180358887,0.5710803270339966,0.4182344675064087,0.6517170071601868,0.6160578727722168,0.5116041898727417,0.6429796814918518
246,0.6415889859199524,0.921381413936615,0.4106053411960602,0.5352925062179565,0.5878037214279175,0.42948654294013977,0.5740939378738403,0.41775068640708923,0.6384100317955017,0.622787594795227,0.5450910329818726,0.6434881687164307
247,0.6205958127975464,0.9143606424331665,0.46724990010261536,0.5502671599388123,0.5889380574226379,0.42232975363731384,0.5726261138916016,0.414819598197937,0.6233899593353271,0.6509168148040771,0.600993812084198,0.6516746282577515
248,0.509307324886322,0.9054058790206909,0.5019125938415527,0.5647828578948975,0.5862023830413818,0.4096170663833618,0.5723521113395691,0.40360766649246216,0.5890025496482849,0.6670582890510559,0.6544647812843323,0.6153824925422668
249,0.4294759929180145,0.8957234621047974,0.5493563413619995,0.6054527759552002,0.591305673122406,0.41211116313934326,0.5734424591064453,0.41448667645454407,0.5566606521606445,0.6641045808792114,0.691296398639679,0.5198937654495239
250,0.6066389679908752,0.6892165541648865,0.40917643904685974,0.7798300385475159,0.618858277797699,0.3597301244735718,0.5728484392166138,0.3719536066055298,0.7227685451507568,0.4850054085254669,0.5093938708305359,0.5711028575897217
251,0.489295095205307,0.753987729549408,0.5535009503364563,0.7455691695213318,0.6076096296310425,0.3325387239456177,0.5963429808616638,0.3395698368549347,0.51230788230896,0.5457044839859009,0.7266122698783875,0.47646597027778625
252,0.36267149448394775,0.7030906677246094,0.7343168258666992,0.7810749411582947,0.6077632904052734,0.3355926275253296,0.6109688878059387,0.3334844410419464,0.5023149251937866,0.5502777099609375,0.7367172837257385,0.49134793877601624
253,0.3737759590148926,0.5359575152397156,0.7560091018676758,0.8380024433135986,0.6070998311042786,0.33556586503982544,0.6357288360595703,0.3309549391269684,0.5241502523422241,0.5481098890304565,0.727031946182251,0.5236625075340271
254,0.4197458326816559,0.49478667974472046,0.7271617650985718,0.8848299980163574,0.6314043402671814,0.3479551076889038,0.6423933506011963,0.3457353413105011,0.5393357872962952,0.5614027380943298,0.71638423204422,0.5559799671173096
255,0.49392515420913696,0.5122365951538086,0.6814588308334351,0.8909131288528442,0.635386049747467,0.35721954703330994,0.6384886503219604,0.35352596640586853,0.6344346404075623,0.569425106048584,0.703859269618988,0.5867998003959656
256,0.5360065698623657,0.548724353313446,0.6333398818969727,0.8929436802864075,0.6292114853858948,0.3477349579334259,0.6418217420578003,0.327340692281723,0.6738067865371704,0.5728728771209717,0.6910313963890076,0.6215632557868958
257,0.6093491315841675,0.5791056156158447,0.5373621582984924,0.8741305470466614,0.6502330899238586,0.33125367760658264,0.6520270109176636,0.3225010931491852,0.766609251499176,0.5203556418418884,0.6389123201370239,0.6093190908432007
258,0.653635561466217,0.59791100025177,0.47283849120140076,0.8469334244728088,0.6747106909751892,0.30993470549583435,0.6535146832466125,0.3108879029750824,0.8106148838996887,0.4568713903427124,0.581158459186554,0.6040815114974976
259,0.731390118598938,0.6574045419692993,0.43972721695899963,0.7696889638900757,0.6863269805908203,0.2859957218170166,0.6670517325401306,0.28969675302505493,0.8293911218643188,0.43405860662460327,0.5564539432525635,0.5479022860527039
260,0.5319619178771973,0.7222293019294739,0.6987517476081848,0.7430841326713562,0.6793422102928162,0.2781696021556854,0.7068000435829163,0.28446164727211,0.5991422533988953,0.4847026765346527,0.8152250051498413,0.466376394033432
261,0.8283498883247375,0.8188230395317078,0.42398783564567566,0.582527220249176,0.7122638821601868,0.28733760118484497,0.703584611415863,0.28362059593200684,0.7974732518196106,0.5025469660758972,0.6301206946372986,0.5038084983825684
262,0.8461726903915405,0.8756893873214722,0.4333370625972748,0.5031673312187195,0.7284078001976013,0.2964133322238922,0.7090710401535034,0.2961256206035614,0.8012021780014038,0.5427716970443726,0.6355157494544983,0.5133740901947021
263,0.5433070063591003,0.502236545085907,0.7947530150413513,0.86028653383255,0.7345077395439148,0.316128134727478,0.7096877694129944,0.2997625768184662,0.7467070817947388,0.5434529185295105,0.7834817171096802,0.5981288552284241
264,0.7235897779464722,0.8895231485366821,0.6805256009101868,0.47585979104042053,0.7259509563446045,0.3320998251438141,0.7138881683349609,0.304648220539093,0.7568191885948181,0.5934903025627136,0.7517092823982239,0.5311853885650635
266,0.7560705542564392,0.33502817153930664,0.7997938990592957,0.09987885504961014,0.7480835318565369,0.14363162219524384,0.7214395999908447,0.16076494753360748,0.7923538684844971,0.31122711300849915,0.7667483687400818,0.2531319856643677
267,0.7106519341468811,0.5859412550926208,0.6977770924568176,0.4835134446620941,0.7581698298454285,0.18338148295879364,0.6823399066925049,0.16744135320186615,0.8797882199287415,0.40579932928085327,0.7205177545547485,0.3944588303565979
268,0.6408729553222656,0.5794634819030762,0.7115864157676697,0.6125395894050598,0.7572365999221802,0.1809503138065338,0.6981160044670105,0.1681988388299942,0.7698653340339661,0.39537638425827026,0.7820870280265808,0.4531504511833191
269,0.816207230091095,0.6446065902709961,0.7818006277084351,0.6877725720405579,0.7573434114456177,0.17690446972846985,0.6991807222366333,0.18312475085258484,0.88266521692276,0.4007730185985565,0.8783444166183472,0.42727741599082947
270,0.6728958487510681,0.7317202687263489,0.7843236327171326,0.7660478949546814,0.7568856477737427,0.2236638069152832,0.7264941334724426,0.2409556657075882,0.7856616377830505,0.5057888031005859,0.8292966485023499,0.5600738525390625
271,0.9209131002426147,0.8386617302894592,0.5703049898147583,0.6323528289794922,0.7999128699302673,0.21398761868476868,0.7024270296096802,0.21485425531864166,0.8783963322639465,0.5247523784637451,0.636456310749054,0.49648481607437134
272,0.8921250104904175,0.9039956331253052,0.569376528263092,0.5468586087226868,0.8295172452926636,0.21987739205360413,0.7128613591194153,0.20004713535308838,0.8808982372283936,0.5526065826416016,0.6515548825263977,0.40509334206581116
281,0.8498768210411072,0.07068478316068649,0.83061683177948,0.11803160607814789,0.6122379899024963,0.0990419015288353,0.6099608540534973,0.141138955950737,0.732318639755249,0.09609225392341614,0.73277348279953,0.1604580283164978
282,0.8057172298431396,0.25186264514923096,0.7892908453941345,0.2546233534812927,0.6768739223480225,0.16212843358516693,0.6619435548782349,0.1687517762184143,0.7466679811477661,0.2503696382045746,0.7281638383865356,0.22849220037460327
284,0.8952630162239075,0.16524161398410797,0.9021044969558716,0.17612887918949127,0.9011803865432739,0.20061220228672028,0.9251728653907776,0.18245315551757812,0.8958603739738464,0.20087549090385437,0.8908246159553528,0.22486156225204468
